{
	"$schema": "https://raw.githubusercontent.com/microsoft/vscode-github-triage-actions/stable/classifier-deep/apply/apply-labels/deep-classifier-config.schema.json",
	"vacation": [],
	"assignees": {
		"nameToOverrideAccuracyOf": {"accuracy": 0.8}
	},
	"labels": {
		"accessibility": { "assign": ["meganrogge"]},
		"api": {"assign": ["jrieken"]},
		"api-finalization": {"assign": []},
		"api-proposal": {"assign": ["jrieken"]},
		"authentication": {"assign": ["TylerLeonhardt"]},
		"bisect-ext": {"assign": ["jrieken"]},
		"bot-proposal": {"assign": ["lramos15"]},
		"bracket-pair-colorization": {"assign": ["hediet"]},
		"bracket-pair-guides": {"assign": ["hediet"]},
		"breadcrumbs": {"assign": ["jrieken"]},
		"callhierarchy": {"assign": ["jrieken"]},
		"chrome-devtools": {"assign": ["deepak1556"]},
		"cloud-changes": {"assign": ["joyceerhl"]},
		"code-cli": {"assign": ["connor4312"]},
		"code-lens": {"assign": ["jrieken"]},
		"code-server-web": {"assign": ["aeschli"]},
		"command-center": {"assign": ["jrieken"]},
		"comments": {"assign": ["alexr00"]},
		"config": {"assign": ["sandy081"]},
		"containers": {"assign": ["chrmarti"]},
		"context-keys": {"assign": ["ulugbekna"]},
		"continue-working-on": {"assign": ["joyceerhl"]},
		"css-less-scss": {"assign": ["aeschli"]},
		"custom-editors": {"assign": ["mjbvz"]},
		"debug": {"assign": ["roblourens"]},
		"debug-disassembly": {"assign": []},
		"dialogs": {"assign": ["sbatten"]},
		"diff-editor": {"assign": ["hediet"]},
		"dropdown": {"assign": ["lramos15"]},
		"editor-api": {"assign": ["alexdima"]},
		"editor-autoclosing": {"assign": ["alexdima"]},
		"editor-autoindent": {"assign": ["rebornix"]},
		"editor-bracket-matching": {"assign": ["hediet"]},
		"editor-clipboard": {"assign": ["alexdima", "rebornix"]},
		"editor-code-actions": {"assign": ["mjbvz", "justschen"]},
		"editor-color-picker": {"assign": ["aiday-mar"]},
		"editor-columnselect": {"assign": ["alexdima"]},
		"editor-commands": {"assign": ["alexdima"]},
		"editor-comments": {"assign": ["alexdima"]},
		"editor-contrib": {"assign": ["alexdima"]},
		"editor-core": {"assign": ["alexdima"]},
		"editor-drag-and-drop": {"assign": ["rebornix"]},
		"editor-error-widget": {"assign": ["sandy081"]},
		"editor-find": {"assign": ["rebornix"]},
		"editor-folding": {"assign": ["aeschli"]},
		"editor-highlight": {"assign": ["alexdima"]},
		"editor-hover": {"assign": ["aiday-mar"]},
		"editor-indent-detection": {"assign": ["alexdima"]},
		"editor-indent-guides": {"assign": ["hediet"]},
		"editor-input": {"assign": ["alexdima"]},
		"editor-input-IME": {"assign": ["alexdima"]},
		"editor-insets": {"assign": ["jrieken"]},
		"editor-minimap": {"assign": ["alexdima"]},
		"editor-multicursor": {"assign": ["alexdima"]},
		"editor-parameter-hints": {"assign": ["mjbvz"]},
		"editor-render-whitespace": {"assign": ["alexdima"]},
		"editor-rendering": {"assign": ["alexdima"]},
		"editor-RTL": {"assign": ["alexdima"]},
		"editor-scrollbar": {"assign": ["alexdima"]},
		"editor-sorting": {"assign": ["alexdima"]},
		"editor-sticky-scroll": {"assign": ["aiday-mar"]},
		"editor-symbols": {"assign": ["jrieken"]},
		"editor-synced-region": {"assign": ["aeschli"]},
		"editor-textbuffer": {"assign": ["alexdima", "rebornix"]},
		"editor-theming": {"assign": ["alexdima"]},
		"editor-wordnav": {"assign": ["alexdima"]},
		"editor-wrapping": {"assign": ["alexdima"]},
		"emmet": {"assign": ["rzhao271"]},
		"emmet-parse": {"assign": ["rzhao271"]},
		"error-list": {"assign": ["sandy081"]},
		"extension-activation": {"assign": ["joyceerhl", "alexdima"]},
		"extension-host": {"assign": ["alexdima"]},
		"extension-prerelease": {"assign": ["sandy081"]},
		"extension-recommendations": {"assign": ["sandy081"]},
		"extensions": {"assign": ["sandy081"]},
		"extensions-development": {"assign": []},
		"file-decorations": {"assign": ["jrieken"]},
		"file-encoding": {"assign": ["bpasero"]},
		"file-explorer": {"assign": ["lramos15"]},
		"file-glob": {"assign": ["bpasero"]},
		"file-io": {"assign": ["bpasero"]},
		"file-nesting": {"assign": ["lramos15"]},
		"file-watcher": {"assign": ["bpasero"]},
		"font-rendering": {"assign": ["rzhao271"]},
		"formatting": {"assign": ["jrieken"]},
		"getting-started": {"assign": ["bhavyaus"]},
		"ghost-text": {"assign": ["hediet"]},
		"git": {"assign": ["lszomoru"]},
		"github": {"assign": ["lszomoru"]},
		"github-authentication": {"assign": ["TylerLeonhardt"]},
		"github-repositories": {"assign": ["lszomoru"]},
		"gpu": {"assign": ["deepak1556"]},
		"grammar": {"assign": ["mjbvz"]},
		"grid-widget": {"assign": ["joaomoreno"]},
		"html": {"assign": ["aeschli"]},
		"icon-brand": {"assign": ["daviddossett"]},
		"icons-product": {"assign": ["daviddossett"]},
		"image-preview": {"assign": ["mjbvz"]},
		"inlay-hints": {"assign": ["jrieken", "hediet"]},
		"inline-completions": {"assign": ["hediet"]},
		"install-update": {"assign": ["joaomoreno"], "accuracy": 0.85},
		"intellisense-config": {"assign": ["rzhao271"]},
		"interactive-playground": {"assign": ["chrmarti"]},
		"interactive-window": {"assign": ["amunger", "rebornix"]},
		"ipc": {"assign": ["joaomoreno"]},
		"issue-bot": {"assign": ["chrmarti"]},
		"issue-reporter": {"assign": ["justschen"]},
		"javascript": {"assign": ["mjbvz"]},
		"json": {"assign": ["aeschli"]},
		"json-sorting": {"assign": ["aiday-mar"]},
		"keybindings": {"assign": ["ulugbekna"]},
		"keybindings-editor": {"assign": ["ulugbekna"]},
		"keyboard-layout": {"assign": ["ulugbekna"]},
		"L10N": {"assign": ["TylerLeonhardt", "csigs"]},
		"l10n-platform": {"assign": ["TylerLeonhardt"]},
		"label-provider": {"assign": ["lramos15"]},
		"languages-basic": {"assign": ["aeschli"]},
		"languages-diagnostics": {"assign": ["jrieken"]},
		"languages-guessing": {"assign": ["TylerLeonhardt"]},
		"layout": {"assign": ["sbatten"]},
		"lcd-text-rendering": {"assign": []},
		"list-widget": {"assign": ["joaomoreno"]},
		"live-preview": {"assign": ["andreamah"]},
		"log": {"assign": ["sandy081"]},
		"markdown": {"assign": ["mjbvz"]},
		"marketplace": {"assign": ["isidorn"]},
		"menus": {"assign": ["sbatten"]},
		"merge-conflict": {"assign": ["chrmarti"]},
		"merge-editor": {"assign": ["hediet"]},
		"merge-editor-workbench": {"assign": ["jrieken"]},
		"monaco-editor": {"assign": []},
		"native-file-dialog": {"assign": ["deepak1556"]},
		"network": {"assign": ["deepak1556"]},
		"notebook": {"assign": ["rebornix"]},
		"notebook-api": {"assign": []},
		"notebook-builtin-renderers": {"assign": []},
		"notebook-cell-editor": {"assign": []},
		"notebook-celltoolbar": {"assign": []},
		"notebook-clipboard": {"assign": []},
		"notebook-commenting": {"assign": []},
		"notebook-debugging": {"assign": []},
		"notebook-diff": {"assign": []},
		"notebook-dnd": {"assign": []},
		"notebook-execution": {"assign": []},
		"notebook-find": {"assign": []},
		"notebook-folding": {"assign": []},
		"notebook-getting-started": {"assign": []},
		"notebook-getting-globaltoolbar": {"assign": []},
		"notebook-ipynb": {"assign": []},
		"notebook-kernel": {"assign": []},
		"notebook-kernel-picker": {"assign": []},
		"notebook-keybinding": {"assign": []},
		"notebook-language": {"assign": []},
		"notebook-layout": {"assign": []},
		"notebook-markdown": {"assign": []},
		"notebook-math": {"assign": []},
		"notebook-minimap": {"assign": []},
		"notebook-multiselect": {"assign": []},
		"notebook-output": {"assign": []},
		"notebook-perf": {"assign": []},
		"notebook-remote": {"assign": []},
		"notebook-rendering": {"assign": []},
		"notebook-serialization": {"assign": []},
		"notebook-serverless-web": {"assign": []},
		"notebook-statusbar": {"assign": []},
		"notebook-toc-outline": {"assign": []},
		"notebook-undo-redo": {"assign": []},
		"notebook-variables": {"assign": []},
		"notebook-workbench-integration": {"assign": []},
		"notebook-workflow": {"assign": []},
		"open-editors": {"assign": ["lramos15"]},
		"opener": {"assign": ["mjbvz"]},
		"outline": {"assign": ["jrieken"]},
		"output": {"assign": ["sandy081"]},
		"perf": {"assign": []},
		"perf-bloat": {"assign": []},
		"perf-startup": {"assign": []},
		"php": {"assign": ["roblourens"]},
		"portable-mode": {"assign": ["joaomoreno"]},
		"proxy": {"assign": ["chrmarti"]},
		"quick-open": {"assign": ["TylerLeonhardt"]},
		"quick-pick": {"assign": ["TylerLeonhardt"]},
		"references-viewlet": {"assign": ["jrieken"]},
		"release-notes": {"assign": []},
		"remote": {"assign": []},
		"remote-connection": {"assign": ["alexdima"]},
		"remote-explorer": {"assign": ["alexr00"]},
		"remote-tunnel": {"assign": ["aeschli", "connor4312"]},
		"rename": {"assign": ["jrieken"]},
		"runCommands": {"assign": ["ulugbekna"]},
		"sandbox": {"assign": ["deepak1556"]},
		"sash-widget": {"assign": ["joaomoreno"]},
		"scm": {"assign": ["lszomoru"]},
		"screencast-mode": {"assign": ["joaomoreno"]},
		"search": {"assign": ["andreamah", "roblourens"]},
		"search-api": {"assign": ["andreamah", "roblourens"]},
		"search-editor": {"assign": ["andreamah", "roblourens"]},
		"search-replace": {"assign": ["sandy081"]},
		"semantic-tokens": {"assign": ["alexdima", "aeschli"]},
		"server": {"assign": ["alexdima"]},
		"settings-editor": {"assign": ["rzhao271"]},
		"settings-search": {"assign": ["rzhao271"]},
		"settings-sync": {"assign": ["sandy081"]},
		"settings-sync-server": {"assign": ["Tyriar", "lszomoru"]},
		"shared-process": {"assign": []},
		"simple-file-dialog": {"assign": ["alexr00"]},
		"smart-select": {"assign": ["jrieken"]},
		"snap": {"assign": ["deepak1556"]},
		"snippets": {"assign": ["jrieken"]},
		"splitview-widget": {"assign": ["joaomoreno"]},
		"ssh": {"assign": ["eleanorjboyd"]},
		"suggest": {"assign": ["jrieken"]},
		"table-widget": {"assign": ["joaomoreno"]},
		"tasks": {"assign": ["meganrogge"], "accuracy": 0.85},
		"telemetry": {"assign": ["lramos15"]},
		"terminal": {"assign": ["meganrogge"]},
		"terminal-conpty": {"assign": ["meganrogge"]},
		"terminal-editors": {"assign": ["Tyriar", "meganrogge"]},
		"terminal-external": {"assign": ["meganrogge"]},
		"terminal-find": {"assign": ["Tyriar", "meganrogge"]},
		"terminal-input": {"assign": ["Tyriar", "meganrogge"]},
		"terminal-layout": {"assign": ["Tyriar", "meganrogge"]},
		"terminal-links": {"assign": ["Tyriar"]},
		"terminal-local-echo": {"assign": ["Tyriar", "meganrogge"]},
		"terminal-persistence": {"assign": ["Tyriar", "meganrogge"]},
		"terminal-process": {"assign": ["Tyriar", "meganrogge"]},
		"terminal-profiles": {"assign": ["Tyriar", "meganrogge"]},
		"terminal-quick-fix": {"assign": ["Tyriar", "meganrogge"]},
		"terminal-rendering": {"assign": ["Tyriar", "meganrogge"]},
		"terminal-search": {"assign": ["Tyriar", "meganrogge"]},
		"terminal-shell-bash": {"assign": ["Tyriar", "meganrogge"]},
		"terminal-shell-cmd": {"assign": ["Tyriar", "meganrogge"]},
		"terminal-shell-fish": {"assign": ["Tyriar", "meganrogge"]},
		"terminal-shell-git-bash": {"assign": ["Tyriar", "meganrogge"]},
		"terminal-shell-integration": {"assign": ["Tyriar", "meganrogge"]},
		"terminal-shell-pwsh": {"assign": ["Tyriar", "meganrogge"]},
		"terminal-shell-zsh": {"assign": ["Tyriar", "meganrogge"]},
		"terminal-tabs": {"assign": ["meganrogge"]},
		"terminal-winpty": {"assign": ["Tyriar", "meganrogge"]},
		"testing": {"assign": ["connor4312"]},
		"themes": {"assign": ["aeschli"]},
		"timeline": {"assign": ["lramos15"]},
		"timeline-git": {"assign": ["lszomoru"]},
		"timeline-local-history": {"assign": ["bpasero"]},
		"titlebar": {"assign": ["sbatten"]},
		"tokenization": {"assign": ["alexdima"]},
		"touch/pointer": {"assign": []},
		"trackpad/scroll": {"assign": []},
		"tree-sticky-scroll": {"assign": ["benibenj"]},
		"tree-views": {"assign": ["alexr00"]},
		"tree-widget": {"assign": ["joaomoreno"]},
		"typehierarchy": {"assign": ["jrieken"]},
		"typescript": {"assign": ["mjbvz"]},
		"undo-redo": {"assign": ["alexdima"]},
		"unicode-highlight": {"assign": ["hediet"]},
		"uri": {"assign": ["jrieken"]},
		"user-profiles": {"assign": ["sandy081"]},
		"ux": {"assign": ["daviddossett"]},
		"variable-resolving": {"assign": ["alexr00"]},
		"VIM": {"assign": ["alexdima", "rebornix"]},
		"virtual-workspaces": {"assign": []},
		"vscode.dev": {"assign": []},
		"vscode-build": {"assign": []},
		"vscode-website": {"assign": ["rzhao271"]},
		"web": {"assign": []},
		"webview": {"assign": ["mjbvz"]},
		"webview-views": {"assign": ["mjbvz"]},
		"workbench-actions": {"assign": ["bpasero"]},
		"workbench-auxwindow": {"assign": ["bpasero"]},
		"workbench-banner": {"assign": ["lszomoru", "sbatten"]},
		"workbench-cli": {"assign": ["bpasero"]},
		"workbench-diagnostics": {"assign": ["Tyriar"]},
		"workbench-dnd": {"assign": ["bpasero"]},
		"workbench-editor-grid": {"assign": ["sbatten"]},
		"workbench-editor-groups": {"assign": ["bpasero"]},
		"workbench-editor-resolver": {"assign": ["lramos15"]},
		"workbench-editors": {"assign": ["bpasero"]},
		"workbench-electron": {"assign": ["deepak1556"]},
		"workbench-fonts": {"assign": []},
		"workbench-history": {"assign": ["bpasero"]},
		"workbench-hot-exit": {"assign": ["bpasero"]},
		"workbench-hover": {"assign": ["Tyriar"]},
		"workbench-launch": {"assign": []},
		"workbench-link": {"assign": []},
		"workbench-multiroot": {"assign": ["bpasero"]},
		"workbench-notifications": {"assign": ["bpasero"]},
		"workbench-os-integration": {"assign": ["bpasero"]},
		"workbench-rapid-render": {"assign": ["jrieken"]},
		"workbench-run-as-admin": {"assign": ["bpasero"]},
		"workbench-state": {"assign": ["bpasero"]},
		"workbench-status": {"assign": ["bpasero"]},
		"workbench-tabs": {"assign": ["benibenj"]},
		"workbench-touchbar": {"assign": ["bpasero"]},
		"workbench-untitled-editors": {"assign": ["bpasero"]},
		"workbench-views": {"assign": ["sbatten"]},
		"workbench-welcome": {"assign": ["lramos15"]},
		"workbench-window": {"assign": ["bpasero"]},
		"workbench-workspace": {"assign": []},
		"workbench-zen": {"assign": ["sbatten"]},
		"workspace-edit": {"assign": ["jrieken"]},
		"workspace-symbols": {"assign": []},
		"workspace-trust": {"assign": ["lszomoru", "sbatten"]},
		"zoom": {"assign": ["alexdima"] }
	}
}
